Ref;Qty
11306-00;20
11309-00;10
12999-99;1
13604-99;1
11207-20;2
03916-00;20
02205-03;4
02206-03;3
11309-00;1
11202-14;1
11202-05;1
03935-03;1
02412-00;1
02407-00;1
11308-00;1
11202-06;1
11305-00;1
11306-00;1
11305-10;1
11305-11;1
11306-10;1
03970-00;1
11305-12;1
11307-00;2
48921-00;1
07363-01;2
07363-04;3
07363-02;3
11309-00;1
11202-14;1
11202-05;1
03935-03;1
02412-00;1
02204-01;1
11202-06;1
11305-00;1
11306-00;1
11305-11;1
11305-12;1
48921-00;1
02205-03;4
06305-04;1
14440-61;1
11305-10;1
11229-10;1
11221-01;1
02502-01;2
02076-03;1
02200-00;1
02004-00;1
12651-99;1
11229-10;1
11229-20;1
02502-01;2
12651-99;1
02205-03;4
02205-03;4
02206-03;3
02206-03;3
02407-00;1
02412-00;1
03916-00;20
03970-00;1
07363-01;4
07363-02;5
07363-04;5
09936-00;1
11202-05;2
11202-06;2
11202-08;1
11202-09;1
11202-10;1
11202-14;1
11207-23;4
11305-00;1
11305-10;1
11305-11;1
11305-12;2
11306-00;2
11306-10;2
11307-00;4
11308-00;2
11309-00;1
11310-00;1
11311-00;1
13604-99;1
02043-10;1
48914-00;1
11202-05;1
11202-06;1
11202-08;1
11202-10;1
11306-00;1
11306-10;1
11308-00;1
11061-00;1
07400-00;1
11061-03;1
14440-62;1
11305-00;1
11306-00;1
11308-00;1
11202-05;1
03935-03;1
11202-14;1
11207-20;4
11307-00;4
13604-99;1
07363-01;4
07363-02;5
07363-04;5
11309-00;1
11305-12;1
11306-10;1
02407-00;1
02205-03;4
03916-00;20
02412-00;1
11305-11;1
11305-10;1
11310-00;1
02555-00;1
02556-00;1
24025-00;1
02204-01;1
02205-03;4
02206-03;1
12945-00;1
02089-01;1
02011-00;1
09936-00;1
02031-00;2
37697-00;1
02004-00;1
06233-02;2
11500-05;1
11501-00;1
13672-93;1
07160-00;1
46930-00;1
47535-01;1
39282-00;1
07122-00;1
07359-16;1
07362-01;3
07362-04;3
08283-00;1
08284-00;2
08286-02;2
02031-00;2
02054-00;2
02004-00;2
09937-01;1
02060-00;1
11500-30;1
06220-00;1
06235-00;1
06233-03;1
07160-00;1
13626-93;1
13673-93;1
39105-19;1
07122-00;1
07359-16;1
07361-01;1
07361-04;1
07366-00;1
07542-11;1
07542-20;1
07542-21;1
07542-26;1
07363-02;1
06960-06;1
13503-93;1
07122-00;1
13610-93;1
13610-01;1
03001-00;2
02004-00;1
02031-00;1
02054-00;1
07361-04;2
07361-01;2
37715-01;1
06960-06;1
06404-00;1
02416-00;1
02416-02;1
06024-00;1
13503-93;1
13542-93;1
07122-00;2
02007-55;1
02033-00;1
02054-00;2
07362-01;5
07362-04;5
06960-06;1
13503-93;1
06114-03;1
13610-93;1
13610-01;1
07122-00;1
06355-00;1
02004-00;1
02054-00;1
02031-00;1
02060-00;1
07363-01;1
07363-04;4
07938-99;1
02204-01;1
02205-03;4
02206-03;7
02002-55;1
02034-00;1
02054-00;1
02220-00;2
02222-00;1
14580-61;1
12943-00;1
02030-15;1
02816-00;2
02220-00;1
02051-00;1
02204-01;1
02205-03;5
12901-01;2
07938-99;1
14580-61;1
13506-93;1
02011-00;2
02033-00;2
02054-00;4
09936-00;1
07363-01;2
07363-04;2
02032-00;1
13654-99;1
11260-10;1
07363-02;2
12943-00;1
02002-55;1
02033-00;1
03989-00;1
09936-00;1
14581-61;1
21810-93;1
13601-99;1
03543-00;1
07405-00;1
02036-01;2
09906-00;1
02004-00;2
09936-00;1
07361-01;2
07361-04;2
39113-01;1
13654-99;1
03524-01;1
02002-55;3
37715-01;2
03475-88;1
03477-00;1
09936-00;1
38034-00;1
07361-01;1
07361-04;1
39260-00;1
02060-00;1
11226-99;1
11226-02;1
11226-03;1
09822-00;3
11226-04;1
11226-05;1
14411-61;1
14608-00;1
11226-01;1
EAK-P-1335;1
07542-11;2
08767-99;1
35612-99;1
08281-00;1
08284-00;2
08286-02;5
08043-00;3
08040-02;1
08059-00;1
08051-00;1
08522-00;1
08526-00;1
08532-00;1
08534-00;1
08540-00;1
08543-00;1
08523-00;1
09826-00;1
08044-00;3
08522-00;1
08040-02;1
35612-99;1
08281-00;1
08284-00;2
08286-01;3
08761-99;1
09826-00;1
35612-99;1
08043-00;2
08051-00;1
08040-02;2
08045-01;1
08139-00;1
08144-00;1
13661-97;1
08467-00;1
08610-02;2
08282-00;1
08284-00;2
08286-02;9
08044-00;2
08664-00;2
